column,mean,std,min,max
Tr2 [C],34.3320,4.5770,22.3100,37.9300
wr2 [g/kg],11.9427,2.2591,9.9600,17.7700
T4 [C],23.6011,2.6976,21.4200,35.7800
RH4 [%],63.5169,8.0775,30.1100,107.6300
w4 [g/kg],11.5291,1.4622,9.7400,18.4300
T2 [C],22.5392,1.6406,19.8300,28.2700
T1 [C],19.3312,4.0850,13.1200,24.5700
CMHoa [m3/Hr],400.1941,89.8548,84.0200,558.7500
CMHsa [m3/Hr],400.1941,89.8548,84.0200,558.7500
T3 [C],22.5392,1.6406,19.8300,28.2700
RH3 [%],71.5349,13.7586,36.4200,133.9700
Tr1 [C],23.5488,2.6656,18.6100,28.0300
Qcoil [kW],1.0251,1.2749,-2.5200,6.8300
Qiec [kW],1.4870,0.7508,-6.7000,2.3200
ECompPower [kW],0.2869,0.4160,0.0000,1.9000
